  63 cseeman (https://www.flickr.com/people/cseeman/)
  46 afagen (https://www.flickr.com/people/afagen/)
  40 maveric2003 (https://www.flickr.com/people/maveric2003/)
  18 Jill Clardy (https://www.flickr.com/people/jillclardy/)
  15 HarshLight (https://www.flickr.com/people/harshlight/)
  15 Dan Nguyen @ New York City (https://www.flickr.com/people/zokuga/)
  13 Ethene Lin (https://www.flickr.com/people/ethenelin/)
  10 Jun Seita (https://www.flickr.com/people/jseita/)
   8 martin.davidsson (https://www.flickr.com/people/martindavidsson/)
   8 John Loo (https://www.flickr.com/people/johnloo/)
   7 theslowlane (https://www.flickr.com/people/theslowlane/)
   6 askpang (https://www.flickr.com/people/askpang/)
   6 Ju_li_a (https://www.flickr.com/people/34636844@N08/)
   5 angela n. (https://www.flickr.com/people/aon/)
   5 Paradoxotaur (https://www.flickr.com/people/ahartman/)
   5 Hugo Pardo Kuklinski (https://www.flickr.com/people/18016623@N00/)
   5 Gildardo (https://www.flickr.com/people/gildardo/)
   4 theefer (https://www.flickr.com/people/theefer/)
   4 pyramis (https://www.flickr.com/people/mindmob/)
   4 antrix (https://www.flickr.com/people/antrix/)
   4 Jared G (https://www.flickr.com/people/jared_g/)
   4 David Schexnaydre (https://www.flickr.com/people/dschex/)
   4 Albert's Images (https://www.flickr.com/people/24208255@N07/)
   3 sokokyu (https://www.flickr.com/people/archdeslab/)
   3 rocor (https://www.flickr.com/people/rocor/)
   3 pfazzone (https://www.flickr.com/people/paul_faz1/)
   3 naotakem (https://www.flickr.com/people/naotakem/)
   3 mlaaker (https://www.flickr.com/people/mlaaker/)
   3 mcgeez (https://www.flickr.com/people/mcgeez/)
   3 kimballphoto (https://www.flickr.com/people/37490468@N07/)
   3 jitze (https://www.flickr.com/people/jitze1942/)
   3 banter (https://www.flickr.com/people/whatisleft/)
   3 Wade Tregaskis (https://www.flickr.com/people/wadetregaskis/)
   3 W Mustafeez (https://www.flickr.com/people/mustafeez27/)
   3 Stanford Medical History Center (https://www.flickr.com/people/40390680@N08/)
   3 Photographing Travis (https://www.flickr.com/people/photographingtravis/)
   3 Peter Kaminski (https://www.flickr.com/people/peterkaminski/)
   3 MaxVT (https://www.flickr.com/people/maxvt/)
   3 4nitsirk (https://www.flickr.com/people/4nitsirk/)
   2 yellowj (https://www.flickr.com/people/yellowj/)
   2 www78 (https://www.flickr.com/people/whsieh78/)
   2 wellflat1985 (https://www.flickr.com/people/95962563@N02/)
   2 troglodyteking (https://www.flickr.com/people/troglodyteking/)
   2 superfluity (https://www.flickr.com/people/equanimity/)
   2 samkinsley (https://www.flickr.com/people/samkinsley/)
   2 saketvora (https://www.flickr.com/people/saket_vora/)
   2 raycowan (https://www.flickr.com/people/rcowan/)
   2 nigham (https://www.flickr.com/people/anshul/)
   2 mariancall (https://www.flickr.com/people/mariancall/)
   2 kirstiscott (https://www.flickr.com/people/kirstiscott/)
   2 jurvetson (https://www.flickr.com/people/jurvetson/)
   2 hotzeplotz (https://www.flickr.com/people/hotzeplotz/)
   2 freshelectrons (https://www.flickr.com/people/freshelectrons/)
   2 ed and eddie (https://www.flickr.com/people/edandeddie/)
   2 baylisscg (https://www.flickr.com/people/baylisscg/)
   2 awcole72 (https://www.flickr.com/people/awcole72/)
   2 appenz (https://www.flickr.com/people/appenz/)
   2 alykat (https://www.flickr.com/people/alykat/)
   2 agelakis (https://www.flickr.com/people/agelakis/)
   2 aaronernestoortizlopez (https://www.flickr.com/people/aeortiz/)
   2 Yandi (https://www.flickr.com/people/yandi/)
   2 Wang Xiaoxing (https://www.flickr.com/people/xiaohwan/)
   2 Spudgeon (https://www.flickr.com/people/spudique/)
   2 SLAC National Accelerator Laboratory (https://www.flickr.com/people/slaclab/)
   2 Radhika Bhagwat (https://www.flickr.com/people/radhika_bhagwat/)
   2 Onasill ~ Bill Badzo - 69 Million Views (https://www.flickr.com/people/onasill/)
   2 Kodjii (https://www.flickr.com/people/reijii/)
   2 Ian Kershaw (https://www.flickr.com/people/moonboots/)
   2 Ethan Prater (https://www.flickr.com/people/eprater/)
   2 Brian Romans (https://www.flickr.com/people/bromans/)
   1 yukihiro.m (https://www.flickr.com/people/matsudayukihiro/)
   1 webercw (https://www.flickr.com/people/charlesweber/)
   1 tziralis (https://www.flickr.com/people/gtzi/)
   1 tornatore (https://www.flickr.com/people/tornatore/)
   1 sunweik (https://www.flickr.com/people/sunweik/)
   1 sporst (https://www.flickr.com/people/sporst/)
   1 sottolestelle (https://www.flickr.com/people/sottolestelle/)
   1 smaedli (https://www.flickr.com/people/smaedli/)
   1 shelisrael1 (https://www.flickr.com/people/shelisrael/)
   1 sarahnade (https://www.flickr.com/people/43505685@N00/)
   1 sabertail (https://www.flickr.com/people/sabertail/)
   1 ronknight777 (https://www.flickr.com/people/ronknight777/)
   1 robonline (https://www.flickr.com/people/robonline/)
   1 rmatei (https://www.flickr.com/people/77221056@N00/)
   1 pshab (https://www.flickr.com/people/pshab/)
   1 peptic_ulcer (https://www.flickr.com/people/peptic_ulcer/)
   1 papahazama (https://www.flickr.com/people/awilliams53/)
   1 pallotron (https://www.flickr.com/people/pallotron/)
   1 nyanchew (https://www.flickr.com/people/monchan/)
   1 nikkorsnapper (https://www.flickr.com/people/pitmanra/)
   1 nicolas.boullosa (https://www.flickr.com/people/faircompanies/)
   1 niallkennedy (https://www.flickr.com/people/niallkennedy/)
   1 nathanh100 (https://www.flickr.com/people/nat507/)
   1 mrjoro (https://www.flickr.com/people/mrjoro/)
   1 michiexile (https://www.flickr.com/people/michiexile/)
   1 michaelestigoy (https://www.flickr.com/people/michaelestigoy/)
   1 meetrajesh (https://www.flickr.com/people/meetrajesh/)
   1 luisgosalbez (https://www.flickr.com/people/jlgosalbez/)
   1 l'interdit (https://www.flickr.com/people/chezjulia/)
   1 kun0me (https://www.flickr.com/people/redlinx/)
   1 kla4067 (https://www.flickr.com/people/84263554@N00/)
   1 karthikkito (https://www.flickr.com/people/karthikkito/)
   1 jillmotts (https://www.flickr.com/people/amayu/)
   1 jessseb (https://www.flickr.com/people/24462386@N04/)
   1 janoma.cl (https://www.flickr.com/people/janoma/)
   1 itonys (https://www.flickr.com/people/adstone/)
   1 ikibalam (https://www.flickr.com/people/ikibalam/)
   1 idogcow (https://www.flickr.com/people/idogcow/)
   1 hjl (https://www.flickr.com/people/hjl/)
   1 he-sk (https://www.flickr.com/people/helter-skelter/)
   1 harry_nl (https://www.flickr.com/people/harry_nl/)
   1 grevillea. (https://www.flickr.com/people/katiehumphry/)
   1 giuliana_miranda (https://www.flickr.com/people/21358835@N05/)
   1 getgln (https://www.flickr.com/people/21814331@N00/)
   1 frrreda (https://www.flickr.com/people/freeeda/)
   1 epmiali (https://www.flickr.com/people/epmiali/)
   1 edfinn (https://www.flickr.com/people/edfinn/)
   1 edenpictures (https://www.flickr.com/people/edenpictures/)
   1 catalinamo (https://www.flickr.com/people/catalinamovileanu/)
   1 caitlyn.craft (https://www.flickr.com/people/caitlyncraft/)
   1 bs_gif (https://www.flickr.com/people/sunbs35/)
   1 bisonblog (https://www.flickr.com/people/bisonblog/)
   1 bearontheroof (https://www.flickr.com/people/bearontheroof/)
   1 bampbell (https://www.flickr.com/people/bampbell/)
   1 ali eminov (https://www.flickr.com/people/aliarda/)
   1 akintsy_photo (https://www.flickr.com/people/48952837@N04/)
   1 _punit (https://www.flickr.com/people/thepluginguy/)
   1 Vicky Brock (https://www.flickr.com/people/vickyb/)
   1 Tom Petrus (https://www.flickr.com/people/29108580@N08/)
   1 Tom Clifton (https://www.flickr.com/people/tclifton/)
   1 Thom Watson (https://www.flickr.com/people/thomwatson/)
   1 The Consortium (https://www.flickr.com/people/the-consortium/)
   1 SJL (https://www.flickr.com/people/scottloftesness/)
   1 Robert Scoble (https://www.flickr.com/people/scobleizer/)
   1 Regis LG (https://www.flickr.com/people/rlg35/)
   1 QuietDangst (https://www.flickr.com/people/quietdangst/)
   1 PeterThoeny (https://www.flickr.com/people/peterthoeny/)
   1 Paul Tarjan (https://www.flickr.com/people/ptarjan/)
   1 Mike Weston (https://www.flickr.com/people/mikeweston/)
   1 MichaelWu (https://www.flickr.com/people/michaelwu/)
   1 Michael Dunn~! (https://www.flickr.com/people/acidhelm/)
   1 LuisJouJR (https://www.flickr.com/people/luisjoujr/)
   1 La case photo de Got (https://www.flickr.com/people/lespetitescases/)
   1 King Brian (https://www.flickr.com/people/king-molan/)
   1 Justin.Leung09 (https://www.flickr.com/people/leungjustin/)
   1 JPoppenk (https://www.flickr.com/people/jpoppenk/)
   1 Herbie in the Hills (https://www.flickr.com/people/orlando-herb/)
   1 Happy A (https://www.flickr.com/people/28391363@N00/)
   1 Filosoph (https://www.flickr.com/people/filosoph/)
   1 Ferran Rodenas (https://www.flickr.com/people/ferranrodenas/)
   1 Erik Charlton (https://www.flickr.com/people/erikcharlton/)
   1 David Basanta (https://www.flickr.com/people/dbasanta/)
   1 Daniel Dionne (https://www.flickr.com/people/mrzeon/)
   1 Craig J Bellamy (https://www.flickr.com/people/milkbarmilkbar/)
   1 Bob McDiarmid (https://www.flickr.com/people/63380803@N06/)
   1 Awesome Sasquatch (https://www.flickr.com/people/17694496@N00/)
   1 Ame Otoko (https://www.flickr.com/people/ameotoko/)
   1 Amaury Laporte (https://www.flickr.com/people/alaporte/)
   1 Allie_Caulfield (https://www.flickr.com/people/wm_archiv/)
   1 Alexander van Dijk (https://www.flickr.com/people/alexandervandijk/)
   1 A National Acrobat (https://www.flickr.com/people/xctmx/)
